Workbook
Name basis_year: #REF!
Name capital_basis_year: #REF!
Name capital_cost: #REF!
Name capital_discount_factor: #REF!
Name discount_rate: #REF!
Name install_date: #REF!
Name install_year: #REF!
Name lifespan_yrs: #REF!
Name n: #REF!
Name om_basis_year: #REF!
Name om_cost_per_yr: #REF!
Name om_discount_factor: #REF!
Name planning_horizon_yrs: #REF!
Name property_cost: #REF!
Name replacement_cost: #REF!

Sheet WQBE_2024
A1: Action | B1: description | C1: sizing_method | D1: sizing_unit | E1: sizing_base_value | F1: Action Unit Footprint Area | G1: Design Drainage Area | H1: Total Direct Construction Cost (a) | I1: Property Acquisition Cost (b) | J1: Total Indirect Non-Construction Cost © | K1: Total Project Cost (d) (a)+(b)+© | L1: O&M Costs (Annual) (e) | M1: Net Present Value 30-year Life-Cycle Cost (2023) PV(d)+PV€ | N1: _drop_wqbe | O1: code | P1: tacoma_type | Q1: TDCC_cpu | R1: TINCC_cpu | S1: TotalCapital_cpu | T1: OM_cpu
A2: Rain garden installation | B2: WQBE 01_Rain Garden Installation on Property (Program) | C2: area | D2: sqft | E2: 25 | F2: 25 SF | G2: Till 806 SF; Outwash 2,844 SF | H2: 5800 | I2: 0 | J2: 2400 | K2: 8200 | L2: 2100 | M2: 56700 | N2: =RIGHT(Table1[[#This Row],[description]], LEN(Table1[[#This Row],[description]])-5) -> 01_Rain Garden Installation on Property (Program) | O2: =LEFT(Table1[[#This Row],[_drop_wqbe]],FIND("_",Table1[[#This Row],[_drop_wqbe]])-1) -> 01 | P2: =_xlfn.XLOOKUP(Table1[[#This Row],[code]],'BMP Crosswalk'!B:B,'BMP Crosswalk'!F:F,"--",0,1) -> Bioretention | Q2: =Table1[[#This Row],[Total Direct Construction Cost (a)]]/Table1[[#This Row],[sizing_base_value]] -> 232 | R2: =Table1[[#This Row],[Total Indirect Non-Construction Cost ©]]/Table1[[#This Row],[sizing_base_value]] -> 96 | S2: =Table1[[#This Row],[Total Project Cost (d) (a)+(b)+©]]/Table1[[#This Row],[sizing_base_value]] -> 328 | T2: =Table1[[#This Row],[O&M Costs (Annual) (e)]]/Table1[[#This Row],[sizing_base_value]] -> 84
A3: Bioretention HPBSM planter installation | B3: WQBE_02A_Bioretention Planter on Property | C3: area | D3: sqft | E3: 25 | F3: 25 SF | G3: 2,357 SF | H3: 18700 | I3: 0 | J3: 7800 | K3: 26500 | L3: 2800 | M3: 86600 | N3: =RIGHT(Table1[[#This Row],[description]], LEN(Table1[[#This Row],[description]])-5) -> 02A_Bioretention Planter on Property | O3: =LEFT(Table1[[#This Row],[_drop_wqbe]],FIND("_",Table1[[#This Row],[_drop_wqbe]])-1) -> 02A | P3: =_xlfn.XLOOKUP(Table1[[#This Row],[code]],'BMP Crosswalk'!B:B,'BMP Crosswalk'!F:F,"--",0,1) -> Vegetated Box | Q3: =Table1[[#This Row],[Total Direct Construction Cost (a)]]/Table1[[#This Row],[sizing_base_value]] -> 748 | R3: =Table1[[#This Row],[Total Indirect Non-Construction Cost ©]]/Table1[[#This Row],[sizing_base_value]] -> 312 | S3: =Table1[[#This Row],[Total Project Cost (d) (a)+(b)+©]]/Table1[[#This Row],[sizing_base_value]] -> 1060 | T3: =Table1[[#This Row],[O&M Costs (Annual) (e)]]/Table1[[#This Row],[sizing_base_value]] -> 112
A4: Bioretention HPBSM planter installation | B4: WQBE_02B_Bioretention Planter in ROW | C4: area | D4: sqft | E4: 25 | F4: 25 SF | G4: 2,357 SF | H4: 25800 | I4: 0 | J4: 10700 | K4: 36500 | L4: 2800 | M4: 96600 | N4: =RIGHT(Table1[[#This Row],[description]], LEN(Table1[[#This Row],[description]])-5) -> 02B_Bioretention Planter in ROW | O4: =LEFT(Table1[[#This Row],[_drop_wqbe]],FIND("_",Table1[[#This Row],[_drop_wqbe]])-1) -> 02B | P4: =_xlfn.XLOOKUP(Table1[[#This Row],[code]],'BMP Crosswalk'!B:B,'BMP Crosswalk'!F:F,"--",0,1) -> Vegetated Box | Q4: =Table1[[#This Row],[Total Direct Construction Cost (a)]]/Table1[[#This Row],[sizing_base_value]] -> 1032 | R4: =Table1[[#This Row],[Total Indirect Non-Construction Cost ©]]/Table1[[#This Row],[sizing_base_value]] -> 428 | S4: =Table1[[#This Row],[Total Project Cost (d) (a)+(b)+©]]/Table1[[#This Row],[sizing_base_value]] -> 1460 | T4: =Table1[[#This Row],[O&M Costs (Annual) (e)]]/Table1[[#This Row],[sizing_base_value]] -> 112
A5: Bioretention HPBSM planter installation | B5: WQBE_02C_Bioretention Planter with Property Cost | C5: area | D5: sqft | E5: 25 | F5: 25 SF | G5: 2,357 SF | H5: 18700 | I5: 2011 | J5: 10100 | K5: 28800 | L5: 2800 | M5: 88900 | N5: =RIGHT(Table1[[#This Row],[description]], LEN(Table1[[#This Row],[description]])-5) -> 02C_Bioretention Planter with Property Cost | O5: =LEFT(Table1[[#This Row],[_drop_wqbe]],FIND("_",Table1[[#This Row],[_drop_wqbe]])-1) -> 02C | P5: =_xlfn.XLOOKUP(Table1[[#This Row],[code]],'BMP Crosswalk'!B:B,'BMP Crosswalk'!F:F,"--",0,1) -> Vegetated Box | Q5: =Table1[[#This Row],[Total Direct Construction Cost (a)]]/Table1[[#This Row],[sizing_base_value]] -> 748 | R5: =Table1[[#This Row],[Total Indirect Non-Construction Cost ©]]/Table1[[#This Row],[sizing_base_value]] -> 404 | S5: =Table1[[#This Row],[Total Project Cost (d) (a)+(b)+©]]/Table1[[#This Row],[sizing_base_value]] -> 1152 | T5: =Table1[[#This Row],[O&M Costs (Annual) (e)]]/Table1[[#This Row],[sizing_base_value]] -> 112
A6: Bioretention HPBSM installation | B6: WQBE_03A_Bioretention Underdrain on Property | C6: area | D6: sqft | E6: 85 | F6: 85 SF | G6: 12,148 SF | H6: 35400 | I6: 0 | J6: 14700 | K6: 50100 | L6: 3100 | M6: 121500 | N6: =RIGHT(Table1[[#This Row],[description]], LEN(Table1[[#This Row],[description]])-5) -> 03A_Bioretention Underdrain on Property | O6: =LEFT(Table1[[#This Row],[_drop_wqbe]],FIND("_",Table1[[#This Row],[_drop_wqbe]])-1) -> 03A | P6: =_xlfn.XLOOKUP(Table1[[#This Row],[code]],'BMP Crosswalk'!B:B,'BMP Crosswalk'!F:F,"--",0,1) -> Bioretention | Q6: =Table1[[#This Row],[Total Direct Construction Cost (a)]]/Table1[[#This Row],[sizing_base_value]] -> 416.47059 | R6: =Table1[[#This Row],[Total Indirect Non-Construction Cost ©]]/Table1[[#This Row],[sizing_base_value]] -> 172.94118 | S6: =Table1[[#This Row],[Total Project Cost (d) (a)+(b)+©]]/Table1[[#This Row],[sizing_base_value]] -> 589.41176 | T6: =Table1[[#This Row],[O&M Costs (Annual) (e)]]/Table1[[#This Row],[sizing_base_value]] -> 36.470588
A7: Bioretention HPBSM installation | B7: WQBE_03Aa_Bioretention Underdrain with Property Cost | C7: area | D7: sqft | E7: 85 | F7: 85 SF | G7: 12,148 SF | H7: 35400 | I7: 19995 | J7: 37700 | K7: 73100 | L7: 3100 | M7: 144500 | N7: =RIGHT(Table1[[#This Row],[description]], LEN(Table1[[#This Row],[description]])-5) -> 03Aa_Bioretention Underdrain with Property Cost | O7: =LEFT(Table1[[#This Row],[_drop_wqbe]],FIND("_",Table1[[#This Row],[_drop_wqbe]])-1) -> 03Aa | P7: =_xlfn.XLOOKUP(Table1[[#This Row],[code]],'BMP Crosswalk'!B:B,'BMP Crosswalk'!F:F,"--",0,1) -> Bioretention | Q7: =Table1[[#This Row],[Total Direct Construction Cost (a)]]/Table1[[#This Row],[sizing_base_value]] -> 416.47059 | R7: =Table1[[#This Row],[Total Indirect Non-Construction Cost ©]]/Table1[[#This Row],[sizing_base_value]] -> 443.52941 | S7: =Table1[[#This Row],[Total Project Cost (d) (a)+(b)+©]]/Table1[[#This Row],[sizing_base_value]] -> 860 | T7: =Table1[[#This Row],[O&M Costs (Annual) (e)]]/Table1[[#This Row],[sizing_base_value]] -> 36.470588
A8: Bioretention HPBSM installation | B8: WQBE_03B_Bioretention No Underdrain on Property | C8: area | D8: sqft | E8: 85 | F8: 85 SF | G8: 9,570 SF | H8: 32800 | I8: 0 | J8: 13700 | K8: 46500 | L8: 3100 | M8: 117900 | N8: =RIGHT(Table1[[#This Row],[description]], LEN(Table1[[#This Row],[description]])-5) -> 03B_Bioretention No Underdrain on Property | O8: =LEFT(Table1[[#This Row],[_drop_wqbe]],FIND("_",Table1[[#This Row],[_drop_wqbe]])-1) -> 03B | P8: =_xlfn.XLOOKUP(Table1[[#This Row],[code]],'BMP Crosswalk'!B:B,'BMP Crosswalk'!F:F,"--",0,1) -> Bioretention | Q8: =Table1[[#This Row],[Total Direct Construction Cost (a)]]/Table1[[#This Row],[sizing_base_value]] -> 385.88235 | R8: =Table1[[#This Row],[Total Indirect Non-Construction Cost ©]]/Table1[[#This Row],[sizing_base_value]] -> 161.17647 | S8: =Table1[[#This Row],[Total Project Cost (d) (a)+(b)+©]]/Table1[[#This Row],[sizing_base_value]] -> 547.05882 | T8: =Table1[[#This Row],[O&M Costs (Annual) (e)]]/Table1[[#This Row],[sizing_base_value]] -> 36.470588
A9: Bioretention HPBSM installation | B9: WQBE_03Bb_Bioretention No Underdrain with Property Cost | C9: area | D9: sqft | E9: 85 | F9: 85 SF | G9: 9,570 SF | H9: 32800 | I9: 19995 | J9: 36600 | K9: 69400 | L9: 3100 | M9: 140800 | N9: =RIGHT(Table1[[#This Row],[description]], LEN(Table1[[#This Row],[description]])-5) -> 03Bb_Bioretention No Underdrain with Property Cost | O9: =LEFT(Table1[[#This Row],[_drop_wqbe]],FIND("_",Table1[[#This Row],[_drop_wqbe]])-1) -> 03Bb | P9: =_xlfn.XLOOKUP(Table1[[#This Row],[code]],'BMP Crosswalk'!B:B,'BMP Crosswalk'!F:F,"--",0,1) -> Bioretention | Q9: =Table1[[#This Row],[Total Direct Construction Cost (a)]]/Table1[[#This Row],[sizing_base_value]] -> 385.88235 | R9: =Table1[[#This Row],[Total Indirect Non-Construction Cost ©]]/Table1[[#This Row],[sizing_base_value]] -> 430.58824 | S9: =Table1[[#This Row],[Total Project Cost (d) (a)+(b)+©]]/Table1[[#This Row],[sizing_base_value]] -> 816.47059 | T9: =Table1[[#This Row],[O&M Costs (Annual) (e)]]/Table1[[#This Row],[sizing_base_value]] -> 36.470588
A10: Bioretention HPBSM installation | B10: WQBE_03C_Bioretention Underdrain in ROW | C10: area | D10: sqft | E10: 85 | F10: 85 SF | G10: 12,148 SF | H10: 63900 | I10: 0 | J10: 26400 | K10: 90300 | L10: 3100 | M10: 161700 | N10: =RIGHT(Table1[[#This Row],[description]], LEN(Table1[[#This Row],[description]])-5) -> 03C_Bioretention Underdrain in ROW | O10: =LEFT(Table1[[#This Row],[_drop_wqbe]],FIND("_",Table1[[#This Row],[_drop_wqbe]])-1) -> 03C | P10: =_xlfn.XLOOKUP(Table1[[#This Row],[code]],'BMP Crosswalk'!B:B,'BMP Crosswalk'!F:F,"--",0,1) -> Bioretention | Q10: =Table1[[#This Row],[Total Direct Construction Cost (a)]]/Table1[[#This Row],[sizing_base_value]] -> 751.76471 | R10: =Table1[[#This Row],[Total Indirect Non-Construction Cost ©]]/Table1[[#This Row],[sizing_base_value]] -> 310.58824 | S10: =Table1[[#This Row],[Total Project Cost (d) (a)+(b)+©]]/Table1[[#This Row],[sizing_base_value]] -> 1062.3529 | T10: =Table1[[#This Row],[O&M Costs (Annual) (e)]]/Table1[[#This Row],[sizing_base_value]] -> 36.470588
A11: Bioretention HPBSM installation | B11: WQBE_03D_Bioretention No Underdrain in ROW | C11: area | D11: sqft | E11: 85 | F11: 85 SF | G11: 9,570 SF | H11: 63700 | I11: 0 | J11: 26300 | K11: 90000 | L11: 3100 | M11: 161400 | N11: =RIGHT(Table1[[#This Row],[description]], LEN(Table1[[#This Row],[description]])-5) -> 03D_Bioretention No Underdrain in ROW | O11: =LEFT(Table1[[#This Row],[_drop_wqbe]],FIND("_",Table1[[#This Row],[_drop_wqbe]])-1) -> 03D | P11: =_xlfn.XLOOKUP(Table1[[#This Row],[code]],'BMP Crosswalk'!B:B,'BMP Crosswalk'!F:F,"--",0,1) -> Bioretention | Q11: =Table1[[#This Row],[Total Direct Construction Cost (a)]]/Table1[[#This Row],[sizing_base_value]] -> 749.41176 | R11: =Table1[[#This Row],[Total Indirect Non-Construction Cost ©]]/Table1[[#This Row],[sizing_base_value]] -> 309.41176 | S11: =Table1[[#This Row],[Total Project Cost (d) (a)+(b)+©]]/Table1[[#This Row],[sizing_base_value]] -> 1058.8235 | T11: =Table1[[#This Row],[O&M Costs (Annual) (e)]]/Table1[[#This Row],[sizing_base_value]] -> 36.470588
A12: Bioswale installation | B12: WQBE_04A_Bioswale in ROW | C12: area | D12: sqft | E12: 200 | F12: 200 SF | G12: 27,878 SF | H12: 20500 | I12: 0 | J12: 8500 | K12: 29000 | L12: 2600 | M12: 85300 | N12: =RIGHT(Table1[[#This Row],[description]], LEN(Table1[[#This Row],[description]])-5) -> 04A_Bioswale in ROW | O12: =LEFT(Table1[[#This Row],[_drop_wqbe]],FIND("_",Table1[[#This Row],[_drop_wqbe]])-1) -> 04A | P12: =_xlfn.XLOOKUP(Table1[[#This Row],[code]],'BMP Crosswalk'!B:B,'BMP Crosswalk'!F:F,"--",0,1) -> Swale | Q12: =Table1[[#This Row],[Total Direct Construction Cost (a)]]/Table1[[#This Row],[sizing_base_value]] -> 102.5 | R12: =Table1[[#This Row],[Total Indirect Non-Construction Cost ©]]/Table1[[#This Row],[sizing_base_value]] -> 42.5 | S12: =Table1[[#This Row],[Total Project Cost (d) (a)+(b)+©]]/Table1[[#This Row],[sizing_base_value]] -> 145 | T12: =Table1[[#This Row],[O&M Costs (Annual) (e)]]/Table1[[#This Row],[sizing_base_value]] -> 13
A13: Bioswale installation | B13: WQBE_04B_Bioswale on Public Property | C13: area | D13: sqft | E13: 200 | F13: 200 SF | G13: 27,878 SF | H13: 11400 | I13: 0 | J13: 4800 | K13: 16200 | L13: 2600 | M13: 72500 | N13: =RIGHT(Table1[[#This Row],[description]], LEN(Table1[[#This Row],[description]])-5) -> 04B_Bioswale on Public Property | O13: =LEFT(Table1[[#This Row],[_drop_wqbe]],FIND("_",Table1[[#This Row],[_drop_wqbe]])-1) -> 04B | P13: =_xlfn.XLOOKUP(Table1[[#This Row],[code]],'BMP Crosswalk'!B:B,'BMP Crosswalk'!F:F,"--",0,1) -> Swale | Q13: =Table1[[#This Row],[Total Direct Construction Cost (a)]]/Table1[[#This Row],[sizing_base_value]] -> 57 | R13: =Table1[[#This Row],[Total Indirect Non-Construction Cost ©]]/Table1[[#This Row],[sizing_base_value]] -> 24 | S13: =Table1[[#This Row],[Total Project Cost (d) (a)+(b)+©]]/Table1[[#This Row],[sizing_base_value]] -> 81 | T13: =Table1[[#This Row],[O&M Costs (Annual) (e)]]/Table1[[#This Row],[sizing_base_value]] -> 13
... A74: Reforest Pervious Area | B74: WQBE_26C_Reforestation Pervious Area with Property Cost | C74: area | D74: sqft | E74: 43560 | F74: 43,560 SF | G74: 43,560 SF | H74: 992900 | I74: 3503531 | J74: 5309100 | K74: 6302000 | L74: 0 | M74: 6302000 | N74: =RIGHT(Table1[[#This Row],[description]], LEN(Table1[[#This Row],[description]])-5) -> 26C_Reforestation Pervious Area with Property Cost | O74: =LEFT(Table1[[#This Row],[_drop_wqbe]],FIND("_",Table1[[#This Row],[_drop_wqbe]])-1) -> 26C | P74: =_xlfn.XLOOKUP(Table1[[#This Row],[code]],'BMP Crosswalk'!B:B,'BMP Crosswalk'!F:F,"--",0,1) -> -- | Q74: =Table1[[#This Row],[Total Direct Construction Cost (a)]]/Table1[[#This Row],[sizing_base_value]] -> 22.793848 | R74: =Table1[[#This Row],[Total Indirect Non-Construction Cost ©]]/Table1[[#This Row],[sizing_base_value]] -> 121.88017 | S74: =Table1[[#This Row],[Total Project Cost (d) (a)+(b)+©]]/Table1[[#This Row],[sizing_base_value]] -> 144.67401 | T74: =Table1[[#This Row],[O&M Costs (Annual) (e)]]/Table1[[#This Row],[sizing_base_value]] -> 0

Sheet BMP Crosswalk
A1: WQBE_Full_Description | B1: WQBE_Code | C1: Description | D1: WQBE Action | E1: Category | F1: Tacoma BMP Type | G1: _drop_wqbe
A2: WQBE 01_Rain Garden Installation on Property | B2: =LEFT(Table4[[#This Row],[_drop_wqbe]],FIND("_",Table4[[#This Row],[_drop_wqbe]])-1) -> 01 | C2: =RIGHT(Table4[[#This Row],[_drop_wqbe]],LEN(Table4[[#This Row],[_drop_wqbe]])-FIND("_",Table4[[#This Row],[_drop_wqbe]])) -> Rain Garden Installation on Property | D2: Rain Garden Installation | E2: Green Stormwater Infrastructure (GSI) | F2: Bioretention | G2: =RIGHT(Table4[[#This Row],[WQBE_Full_Description]], LEN(Table4[[#This Row],[WQBE_Full_Description]])-5) -> 01_Rain Garden Installation on Property
A3: WQBE 02A_Bioretention Planter on Property | B3: =LEFT(Table4[[#This Row],[_drop_wqbe]],FIND("_",Table4[[#This Row],[_drop_wqbe]])-1) -> 02A | C3: =RIGHT(Table4[[#This Row],[_drop_wqbe]],LEN(Table4[[#This Row],[_drop_wqbe]])-FIND("_",Table4[[#This Row],[_drop_wqbe]])) -> Bioretention Planter on Property | D3: Bioretention Planter Installation | E3: Green Stormwater Infrastructure (GSI) | F3: Vegetated Box | G3: =RIGHT(Table4[[#This Row],[WQBE_Full_Description]], LEN(Table4[[#This Row],[WQBE_Full_Description]])-5) -> 02A_Bioretention Planter on Property
A4: WQBE_02B_Bioretention Planter in ROW | B4: =LEFT(Table4[[#This Row],[_drop_wqbe]],FIND("_",Table4[[#This Row],[_drop_wqbe]])-1) -> 02B | C4: =RIGHT(Table4[[#This Row],[_drop_wqbe]],LEN(Table4[[#This Row],[_drop_wqbe]])-FIND("_",Table4[[#This Row],[_drop_wqbe]])) -> Bioretention Planter in ROW | D4: Bioretention Planter Installation | E4: Green Stormwater Infrastructure (GSI) | F4: Vegetated Box | G4: =RIGHT(Table4[[#This Row],[WQBE_Full_Description]], LEN(Table4[[#This Row],[WQBE_Full_Description]])-5) -> 02B_Bioretention Planter in ROW
A5: WQBE_02C_Bioretention Planter with Property Cost | B5: =LEFT(Table4[[#This Row],[_drop_wqbe]],FIND("_",Table4[[#This Row],[_drop_wqbe]])-1) -> 02C | C5: =RIGHT(Table4[[#This Row],[_drop_wqbe]],LEN(Table4[[#This Row],[_drop_wqbe]])-FIND("_",Table4[[#This Row],[_drop_wqbe]])) -> Bioretention Planter with Property Cost | D5: Bioretention Planter Installation | E5: Green Stormwater Infrastructure (GSI) | F5: Vegetated Box | G5: =RIGHT(Table4[[#This Row],[WQBE_Full_Description]], LEN(Table4[[#This Row],[WQBE_Full_Description]])-5) -> 02C_Bioretention Planter with Property Cost
A6: WQBE_03A_Bioretention Underdrain on Property | B6: =LEFT(Table4[[#This Row],[_drop_wqbe]],FIND("_",Table4[[#This Row],[_drop_wqbe]])-1) -> 03A | C6: =RIGHT(Table4[[#This Row],[_drop_wqbe]],LEN(Table4[[#This Row],[_drop_wqbe]])-FIND("_",Table4[[#This Row],[_drop_wqbe]])) -> Bioretention Underdrain on Property | D6: Bioretention Installation | E6: Green Stormwater Infrastructure (GSI) | F6: Bioretention | G6: =RIGHT(Table4[[#This Row],[WQBE_Full_Description]], LEN(Table4[[#This Row],[WQBE_Full_Description]])-5) -> 03A_Bioretention Underdrain on Property
A7: WQBE_03Aa_Bioretention Underdrain with Property Cost | B7: =LEFT(Table4[[#This Row],[_drop_wqbe]],FIND("_",Table4[[#This Row],[_drop_wqbe]])-1) -> 03Aa | C7: =RIGHT(Table4[[#This Row],[_drop_wqbe]],LEN(Table4[[#This Row],[_drop_wqbe]])-FIND("_",Table4[[#This Row],[_drop_wqbe]])) -> Bioretention Underdrain with Property Cost | D7: Bioretention Installation | E7: Green Stormwater Infrastructure (GSI) | F7: Bioretention | G7: =RIGHT(Table4[[#This Row],[WQBE_Full_Description]], LEN(Table4[[#This Row],[WQBE_Full_Description]])-5) -> 03Aa_Bioretention Underdrain with Property Cost
A8: WQBE_03B_Bioretention No Underdrain on Property | B8: =LEFT(Table4[[#This Row],[_drop_wqbe]],FIND("_",Table4[[#This Row],[_drop_wqbe]])-1) -> 03B | C8: =RIGHT(Table4[[#This Row],[_drop_wqbe]],LEN(Table4[[#This Row],[_drop_wqbe]])-FIND("_",Table4[[#This Row],[_drop_wqbe]])) -> Bioretention No Underdrain on Property | D8: Bioretention Installation | E8: Green Stormwater Infrastructure (GSI) | F8: Bioretention | G8: =RIGHT(Table4[[#This Row],[WQBE_Full_Description]], LEN(Table4[[#This Row],[WQBE_Full_Description]])-5) -> 03B_Bioretention No Underdrain on Property
A9: WQBE_03Bb_Bioretention No Underdrain with Property Cost | B9: =LEFT(Table4[[#This Row],[_drop_wqbe]],FIND("_",Table4[[#This Row],[_drop_wqbe]])-1) -> 03Bb | C9: =RIGHT(Table4[[#This Row],[_drop_wqbe]],LEN(Table4[[#This Row],[_drop_wqbe]])-FIND("_",Table4[[#This Row],[_drop_wqbe]])) -> Bioretention No Underdrain with Property Cost | D9: Bioretention Installation | E9: Green Stormwater Infrastructure (GSI) | F9: Bioretention | G9: =RIGHT(Table4[[#This Row],[WQBE_Full_Description]], LEN(Table4[[#This Row],[WQBE_Full_Description]])-5) -> 03Bb_Bioretention No Underdrain with Property Cost
A10: WQBE_03C_Bioretention Underdrain in ROW | B10: =LEFT(Table4[[#This Row],[_drop_wqbe]],FIND("_",Table4[[#This Row],[_drop_wqbe]])-1) -> 03C | C10: =RIGHT(Table4[[#This Row],[_drop_wqbe]],LEN(Table4[[#This Row],[_drop_wqbe]])-FIND("_",Table4[[#This Row],[_drop_wqbe]])) -> Bioretention Underdrain in ROW | D10: Bioretention Installation | E10: Green Stormwater Infrastructure (GSI) | F10: Bioretention | G10: =RIGHT(Table4[[#This Row],[WQBE_Full_Description]], LEN(Table4[[#This Row],[WQBE_Full_Description]])-5) -> 03C_Bioretention Underdrain in ROW
A11: WQBE_03D_Bioretention No Underdrain in ROW | B11: =LEFT(Table4[[#This Row],[_drop_wqbe]],FIND("_",Table4[[#This Row],[_drop_wqbe]])-1) -> 03D | C11: =RIGHT(Table4[[#This Row],[_drop_wqbe]],LEN(Table4[[#This Row],[_drop_wqbe]])-FIND("_",Table4[[#This Row],[_drop_wqbe]])) -> Bioretention No Underdrain in ROW | D11: Bioretention Installation | E11: Green Stormwater Infrastructure (GSI) | F11: Bioretention | G11: =RIGHT(Table4[[#This Row],[WQBE_Full_Description]], LEN(Table4[[#This Row],[WQBE_Full_Description]])-5) -> 03D_Bioretention No Underdrain in ROW
A12: WQBE_04A_Bioswale in ROW | B12: =LEFT(Table4[[#This Row],[_drop_wqbe]],FIND("_",Table4[[#This Row],[_drop_wqbe]])-1) -> 04A | C12: =RIGHT(Table4[[#This Row],[_drop_wqbe]],LEN(Table4[[#This Row],[_drop_wqbe]])-FIND("_",Table4[[#This Row],[_drop_wqbe]])) -> Bioswale in ROW | D12: Bioswale Installation | E12: Green Stormwater Infrastructure (GSI) | F12: Swale | G12: =RIGHT(Table4[[#This Row],[WQBE_Full_Description]], LEN(Table4[[#This Row],[WQBE_Full_Description]])-5) -> 04A_Bioswale in ROW
A13: WQBE_04B_Bioswale on Public Property | B13: =LEFT(Table4[[#This Row],[_drop_wqbe]],FIND("_",Table4[[#This Row],[_drop_wqbe]])-1) -> 04B | C13: =RIGHT(Table4[[#This Row],[_drop_wqbe]],LEN(Table4[[#This Row],[_drop_wqbe]])-FIND("_",Table4[[#This Row],[_drop_wqbe]])) -> Bioswale on Public Property | D13: Bioswale Installation | E13: Green Stormwater Infrastructure (GSI) | F13: Swale | G13: =RIGHT(Table4[[#This Row],[WQBE_Full_Description]], LEN(Table4[[#This Row],[WQBE_Full_Description]])-5) -> 04B_Bioswale on Public Property
... A48: WQBE_9B_Removal of Impervious Surfaces on Property (no wheel strips) | B48: =LEFT(Table4[[#This Row],[_drop_wqbe]],FIND("_",Table4[[#This Row],[_drop_wqbe]])-1) -> 9B | C48: =RIGHT(Table4[[#This Row],[_drop_wqbe]],LEN(Table4[[#This Row],[_drop_wqbe]])-FIND("_",Table4[[#This Row],[_drop_wqbe]])) -> Removal of Impervious Surfaces on Property (no wheel strips) | D48: Depaving (removal of impervious surfaces) | E48: Green Stormwater Infrastructure (GSI) | F48: None | G48: =RIGHT(Table4[[#This Row],[WQBE_Full_Description]], LEN(Table4[[#This Row],[WQBE_Full_Description]])-5) -> 9B_Removal of Impervious Surfaces on Property (no wheel strips)
A49: WQBE_18A_ Wet Pond on Public Property | B49: =LEFT(Table4[[#This Row],[_drop_wqbe]],FIND("_",Table4[[#This Row],[_drop_wqbe]])-1) -> 18A | C49: =RIGHT(Table4[[#This Row],[_drop_wqbe]],LEN(Table4[[#This Row],[_drop_wqbe]])-FIND("_",Table4[[#This Row],[_drop_wqbe]])) -> Wet Pond on Public Property | F49: Pond | G49: =RIGHT(Table4[[#This Row],[WQBE_Full_Description]], LEN(Table4[[#This Row],[WQBE_Full_Description]])-5) -> 18A_ Wet Pond on Public Property
A50: WQBE_18B_ Wet Pond with Property Cost | B50: =LEFT(Table4[[#This Row],[_drop_wqbe]],FIND("_",Table4[[#This Row],[_drop_wqbe]])-1) -> 18B | C50: =RIGHT(Table4[[#This Row],[_drop_wqbe]],LEN(Table4[[#This Row],[_drop_wqbe]])-FIND("_",Table4[[#This Row],[_drop_wqbe]])) -> Wet Pond with Property Cost | F50: Pond | G50: =RIGHT(Table4[[#This Row],[WQBE_Full_Description]], LEN(Table4[[#This Row],[WQBE_Full_Description]])-5) -> 18B_ Wet Pond with Property Cost
A51: WQBE_19A_ Wet Vault on Public Property | B51: =LEFT(Table4[[#This Row],[_drop_wqbe]],FIND("_",Table4[[#This Row],[_drop_wqbe]])-1) -> 19A | C51: =RIGHT(Table4[[#This Row],[_drop_wqbe]],LEN(Table4[[#This Row],[_drop_wqbe]])-FIND("_",Table4[[#This Row],[_drop_wqbe]])) -> Wet Vault on Public Property | F51: Vault | G51: =RIGHT(Table4[[#This Row],[WQBE_Full_Description]], LEN(Table4[[#This Row],[WQBE_Full_Description]])-5) -> 19A_ Wet Vault on Public Property
A52: WQBE_19B_ Wet Vault in ROW | B52: =LEFT(Table4[[#This Row],[_drop_wqbe]],FIND("_",Table4[[#This Row],[_drop_wqbe]])-1) -> 19B | C52: =RIGHT(Table4[[#This Row],[_drop_wqbe]],LEN(Table4[[#This Row],[_drop_wqbe]])-FIND("_",Table4[[#This Row],[_drop_wqbe]])) -> Wet Vault in ROW | F52: Vault | G52: =RIGHT(Table4[[#This Row],[WQBE_Full_Description]], LEN(Table4[[#This Row],[WQBE_Full_Description]])-5) -> 19B_ Wet Vault in ROW
A53: WQBE_19C_ Wet Vault with Property Cost | B53: =LEFT(Table4[[#This Row],[_drop_wqbe]],FIND("_",Table4[[#This Row],[_drop_wqbe]])-1) -> 19C | C53: =RIGHT(Table4[[#This Row],[_drop_wqbe]],LEN(Table4[[#This Row],[_drop_wqbe]])-FIND("_",Table4[[#This Row],[_drop_wqbe]])) -> Wet Vault with Property Cost | F53: Vault | G53: =RIGHT(Table4[[#This Row],[WQBE_Full_Description]], LEN(Table4[[#This Row],[WQBE_Full_Description]])-5) -> 19C_ Wet Vault with Property Cost
A54: WQBE_20A_ Stormwater Treatment Wetland on Public Property | B54: =LEFT(Table4[[#This Row],[_drop_wqbe]],FIND("_",Table4[[#This Row],[_drop_wqbe]])-1) -> 20A | C54: =RIGHT(Table4[[#This Row],[_drop_wqbe]],LEN(Table4[[#This Row],[_drop_wqbe]])-FIND("_",Table4[[#This Row],[_drop_wqbe]])) -> Stormwater Treatment Wetland on Public Property | F54: Pond | G54: =RIGHT(Table4[[#This Row],[WQBE_Full_Description]], LEN(Table4[[#This Row],[WQBE_Full_Description]])-5) -> 20A_ Stormwater Treatment Wetland on Public Property
A55: WQBE_20B_ Stormwater Treatment Wetland with Property Cost | B55: =LEFT(Table4[[#This Row],[_drop_wqbe]],FIND("_",Table4[[#This Row],[_drop_wqbe]])-1) -> 20B | C55: =RIGHT(Table4[[#This Row],[_drop_wqbe]],LEN(Table4[[#This Row],[_drop_wqbe]])-FIND("_",Table4[[#This Row],[_drop_wqbe]])) -> Stormwater Treatment Wetland with Property Cost | F55: Pond | G55: =RIGHT(Table4[[#This Row],[WQBE_Full_Description]], LEN(Table4[[#This Row],[WQBE_Full_Description]])-5) -> 20B_ Stormwater Treatment Wetland with Property Cost
A56: WQBE_21A_High Rate Underground Filter in Urban ROW PCCP | B56: =LEFT(Table4[[#This Row],[_drop_wqbe]],FIND("_",Table4[[#This Row],[_drop_wqbe]])-1) -> 21A | C56: =RIGHT(Table4[[#This Row],[_drop_wqbe]],LEN(Table4[[#This Row],[_drop_wqbe]])-FIND("_",Table4[[#This Row],[_drop_wqbe]])) -> High Rate Underground Filter in Urban ROW PCCP | F56: Media Filter | G56: =RIGHT(Table4[[#This Row],[WQBE_Full_Description]], LEN(Table4[[#This Row],[WQBE_Full_Description]])-5) -> 21A_High Rate Underground Filter in Urban ROW PCCP
A57: WQBE_21B_High Rate Underground Filter in Highway ROW PCCP | B57: =LEFT(Table4[[#This Row],[_drop_wqbe]],FIND("_",Table4[[#This Row],[_drop_wqbe]])-1) -> 21B | C57: =RIGHT(Table4[[#This Row],[_drop_wqbe]],LEN(Table4[[#This Row],[_drop_wqbe]])-FIND("_",Table4[[#This Row],[_drop_wqbe]])) -> High Rate Underground Filter in Highway ROW PCCP | F57: Media Filter | G57: =RIGHT(Table4[[#This Row],[WQBE_Full_Description]], LEN(Table4[[#This Row],[WQBE_Full_Description]])-5) -> 21B_High Rate Underground Filter in Highway ROW PCCP
A58: WQBE_21C_High Rate Underground Filter in Urban ROW HMA | B58: =LEFT(Table4[[#This Row],[_drop_wqbe]],FIND("_",Table4[[#This Row],[_drop_wqbe]])-1) -> 21C | C58: =RIGHT(Table4[[#This Row],[_drop_wqbe]],LEN(Table4[[#This Row],[_drop_wqbe]])-FIND("_",Table4[[#This Row],[_drop_wqbe]])) -> High Rate Underground Filter in Urban ROW HMA | F58: Media Filter | G58: =RIGHT(Table4[[#This Row],[WQBE_Full_Description]], LEN(Table4[[#This Row],[WQBE_Full_Description]])-5) -> 21C_High Rate Underground Filter in Urban ROW HMA
A59: WQBE_21D_High Rate Underground Filter in Highway ROW HMA | B59: =LEFT(Table4[[#This Row],[_drop_wqbe]],FIND("_",Table4[[#This Row],[_drop_wqbe]])-1) -> 21D | C59: =RIGHT(Table4[[#This Row],[_drop_wqbe]],LEN(Table4[[#This Row],[_drop_wqbe]])-FIND("_",Table4[[#This Row],[_drop_wqbe]])) -> High Rate Underground Filter in Highway ROW HMA | F59: Media Filter | G59: =RIGHT(Table4[[#This Row],[WQBE_Full_Description]], LEN(Table4[[#This Row],[WQBE_Full_Description]])-5) -> 21D_High Rate Underground Filter in Highway ROW HMA
A60: WQBE 21E_High Rate Underground Filter on Public Property | B60: =LEFT(Table4[[#This Row],[_drop_wqbe]],FIND("_",Table4[[#This Row],[_drop_wqbe]])-1) -> 21E | C60: =RIGHT(Table4[[#This Row],[_drop_wqbe]],LEN(Table4[[#This Row],[_drop_wqbe]])-FIND("_",Table4[[#This Row],[_drop_wqbe]])) -> High Rate Underground Filter on Public Property | F60: Media Filter | G60: =RIGHT(Table4[[#This Row],[WQBE_Full_Description]], LEN(Table4[[#This Row],[WQBE_Full_Description]])-5) -> 21E_High Rate Underground Filter on Public Property
... A70: WQBE_26C_Reforestation Pervious Area with Property Cost | B70: =LEFT(Table4[[#This Row],[_drop_wqbe]],FIND("_",Table4[[#This Row],[_drop_wqbe]])-1) -> 26C | C70: =RIGHT(Table4[[#This Row],[_drop_wqbe]],LEN(Table4[[#This Row],[_drop_wqbe]])-FIND("_",Table4[[#This Row],[_drop_wqbe]])) -> Reforestation Pervious Area with Property Cost | F70: -- | G70: =RIGHT(Table4[[#This Row],[WQBE_Full_Description]], LEN(Table4[[#This Row],[WQBE_Full_Description]])-5) -> 26C_Reforestation Pervious Area with Property Cost

Sheet Lookups
A1: Tacoma Type
A2: --
A3: Bioretention
A4: Media Filter
A5: Oil Water Separator
A6: Pervious Pavement
A7: Pond
A8: Sand Filter
A9: Swale
A10: Swirl Separator
A11: Tank
A12: Vault
... A14: None
